REPTreeDepth3, 2 folds;J48.0001., 2 folds;DefaultAccuracy;NominalAttDistinctValues;RandomTreeDepth1, 2 folds;Cardinality;RandomTreeDepth3, 2 folds;CfsSubsetEval_NaiveBayes, 2 folds;J48.001., 2 folds;J48.00001., 2 folds;DecisionStump, 2 folds;SimpleMetaFeatures;RandomTreeDepth2, 2 folds;NaiveBayes, 2 folds;CfsSubsetEval_DecisionStump, 2 folds;CfsSubsetEval_kNN1N, 2 folds;REPTreeDepth1, 2 folds;Statistical;kNN1N, 2 folds;REPTreeDepth2, 2 folds;;
60;67;3;0;22;19;26;125;201;71;54;16;16;100;83;1096;56;69;1118;67;;
4;3;0;0;4;1;4;38;4;3;5;0;4;4;32;49;2;2;12;3;;
20;13;2;6;17;10;11;47;8;13;12;3;11;92;53;102;33;0;91;19;;
5;12;0;1;3;4;4;41;10;7;7;1;6;42;41;55;8;10;10;7;;
3;15;1;1;2;0;4;29;4;3;2;1;1;4;31;26;7;1;7;2;;
5;10;2;0;6;0;3;47;16;13;3;1;5;6;41;62;6;15;38;6;;
3;4;1;2;3;0;6;26;19;4;2;1;3;3;27;33;8;0;10;3;;
6;9;3;0;5;2;5;32;9;8;9;2;5;11;42;44;5;21;44;6;;
24;6;1;3;25;3;6;63;6;9;6;1;9;7;41;45;19;3;45;29;;
7;32;1;1;9;3;9;26;13;16;2;1;10;6;48;32;10;3;25;9;;
0;9;0;2;29;0;16;35;12;0;6;2;15;16;41;42;10;12;66;0;;
15;21;2;0;13;6;10;38;21;18;6;15;10;20;65;32;14;0;139;14;;
1;2;0;0;2;1;1;22;1;1;1;0;2;2;28;26;4;1;2;1;;
6;3;1;1;3;2;3;39;7;5;3;1;1;24;76;41;8;0;24;4;;
7;8;1;0;5;5;7;35;6;10;4;1;6;10;32;28;6;6;49;4;;
2;3;1;0;3;0;2;34;5;3;2;1;2;24;32;25;3;2;33;2;;
16;8;0;0;2;0;0;45;9;0;7;1;0;35;40;45;4;10;22;2;;
0;0;0;0;0;0;0;37;0;0;0;0;0;0;31;32;0;0;15;16;;
10;12;1;0;8;3;6;55;18;14;15;0;8;69;39;59;16;0;78;10;;
2;1;1;1;1;0;1;27;1;3;0;1;3;3;21;22;1;0;8;1;;
2;2;0;0;1;0;1;34;2;2;0;0;1;2;24;32;2;3;4;1;;
2;5;0;1;3;1;1;37;5;3;3;1;2;11;36;40;3;1;17;2;;
5;4;1;1;4;1;3;30;10;3;4;0;3;4;33;38;8;1;105;4;;
3;3;1;1;3;0;2;27;8;3;2;0;3;12;34;32;3;2;16;2;;
0;1;0;0;0;0;1;28;1;0;1;0;1;1;23;27;0;0;1;0;;
0;0;0;1;0;0;0;22;0;16;3;0;0;8;24;31;0;15;11;0;;
16;16;0;0;15;16;0;47;31;31;0;0;0;47;38;69;16;0;53;22;;
0;0;0;0;0;0;0;31;0;0;0;0;15;0;32;33;0;0;0;0;;
19;4;0;1;4;0;1;23;18;2;1;0;3;3;52;32;5;0;15;3;;
6;15;0;0;4;2;5;58;13;14;0;0;4;16;41;46;7;0;16;7;;
1;1;1;0;1;0;0;22;1;0;1;0;1;2;23;25;0;0;2;0;;
0;2;1;0;1;0;1;30;2;2;1;0;1;8;26;30;1;0;3;1;;
0;2;0;0;1;0;1;25;1;2;1;0;1;5;34;36;1;0;2;1;;
1;1;0;0;1;1;1;24;1;2;1;0;1;13;35;24;2;0;7;1;;
5;6;1;0;5;0;5;42;9;6;2;0;4;35;28;72;7;0;10;4;;
0;0;0;0;1;0;1;21;0;1;0;0;0;1;22;22;0;0;1;0;;
6;3;0;0;2;0;3;28;3;6;1;0;3;12;23;30;2;1;18;2;;
0;0;0;0;0;0;16;31;0;0;0;0;0;0;15;16;0;1;0;0;;
7;22;1;0;7;1;5;47;20;18;15;0;8;16;48;22;10;0;47;11;;
4;7;0;0;2;1;1;65;6;6;3;0;1;19;33;33;3;2;4;4;;
3;6;0;0;2;1;1;27;6;5;2;0;2;8;35;33;2;2;3;2;;
3;4;0;0;2;1;2;29;4;4;2;0;1;8;30;29;3;3;2;3;;
4;6;0;0;0;1;2;25;2;7;1;0;4;9;24;29;2;2;3;3;;
1;2;1;1;2;0;3;25;2;4;1;0;3;7;25;27;1;0;5;1;;
13;20;1;0;7;2;7;66;32;26;22;0;9;32;47;31;12;0;47;11;;
15;16;0;0;0;0;0;22;16;16;0;0;0;31;31;32;15;15;85;22;;
0;0;0;0;0;0;0;20;0;0;0;0;0;16;18;15;0;0;0;0;;
0;0;0;0;0;0;0;31;0;0;0;0;0;0;23;15;0;0;0;0;;
0;0;0;0;0;0;0;31;0;0;0;0;0;0;22;16;0;0;0;0;;
0;0;0;0;16;0;0;32;0;0;0;0;0;0;6;15;0;0;16;0;;
16;0;0;0;0;0;0;22;0;0;0;0;0;16;16;15;0;0;0;0;;
0;0;0;0;0;0;0;22;0;0;0;0;0;0;15;16;16;0;16;0;;
2;2;0;0;1;0;1;31;3;2;0;0;1;0;37;31;2;0;16;1;;
0;16;0;0;0;0;15;38;16;5;0;0;17;16;31;31;0;0;31;0;;
0;1;0;0;1;0;0;15;0;1;0;0;1;0;16;16;16;0;0;2;;
0;0;0;0;0;0;0;16;0;0;0;0;0;0;31;15;0;0;0;0;;
0;15;0;0;0;0;0;31;0;0;0;0;0;0;16;16;0;0;0;0;;
0;0;0;0;15;0;0;15;0;0;0;0;0;0;23;63;0;0;0;0;;
0;0;0;0;0;0;0;38;0;16;0;0;0;0;15;16;0;15;0;0;;
0;0;0;0;0;0;0;32;0;0;0;0;0;0;21;15;0;0;0;0;;
0;0;0;0;0;0;0;15;0;0;1;0;0;1;25;16;0;0;10;0;;
0;0;0;0;0;0;0;25;0;0;0;0;0;0;17;31;0;0;0;0;;
0;31;0;0;0;4;16;101;22;32;0;0;0;154;78;99;16;31;69;0;;
0;0;0;0;0;0;0;15;0;1;0;0;15;0;16;16;0;0;0;0;;
1;0;0;0;1;0;1;16;0;0;1;0;1;0;21;17;0;0;5;0;;
0;16;0;0;0;0;1;31;0;1;0;0;1;0;16;16;0;0;0;0;;
0;0;0;0;0;0;0;16;0;0;0;0;0;0;16;15;0;0;16;0;;
0;0;0;0;0;0;0;31;0;15;0;0;0;0;16;16;0;1;2;0;;
0;0;0;0;0;0;0;32;0;16;0;0;0;0;15;15;0;0;0;0;;
0;0;0;0;0;0;0;31;0;0;16;0;0;0;38;31;0;1;0;15;;
0;0;0;0;0;0;0;22;0;0;0;0;0;15;31;16;0;0;0;0;;
0;15;0;0;0;0;0;16;0;0;0;0;0;0;16;22;0;0;15;0;;
0;17;0;0;0;0;0;16;0;0;0;0;1;5;31;31;0;0;17;4;;
0;1;0;0;1;0;0;31;1;0;0;15;0;0;19;16;0;0;0;0;;
15;16;0;0;0;0;0;15;0;0;0;0;0;0;34;32;0;0;15;0;;
0;0;0;0;0;0;0;17;0;0;0;0;0;0;16;25;0;0;0;0;;
16;36;0;0;16;0;0;100;37;34;6;0;0;79;85;78;0;16;238;14;;
1;0;0;0;0;0;0;15;0;0;0;0;0;0;37;16;1;0;0;1;;
0;0;0;0;0;0;0;22;15;16;15;0;0;0;16;47;0;0;0;0;;
0;0;0;0;0;0;0;6;0;0;0;0;0;0;32;22;0;0;0;0;;
0;0;0;0;0;0;0;23;0;0;0;0;0;0;31;15;0;0;0;0;;
0;0;0;0;0;0;16;15;0;0;0;0;15;0;32;38;0;0;0;0;;
0;17;0;0;0;0;0;32;0;2;0;0;2;0;15;31;0;0;0;1;;
0;0;0;0;0;0;0;16;0;0;0;0;0;0;37;31;0;0;0;0;;
4;6;0;0;4;1;3;27;7;7;0;0;3;0;29;40;4;0;15;4;;
0;0;0;0;0;0;0;16;0;0;0;0;0;0;15;31;0;0;0;0;;
0;0;0;0;0;0;0;47;0;0;1;0;0;1;31;9;0;1;1;0;;
4;3;0;0;3;0;3;31;6;5;0;0;5;15;47;16;3;0;16;4;;
0;0;0;0;0;0;0;21;0;16;1;0;0;4;10;22;15;2;50;0;;
0;0;0;0;0;0;0;16;0;0;0;0;0;0;22;16;0;0;0;0;;
16;16;0;0;0;0;0;22;0;0;0;0;0;0;31;31;0;0;16;0;;
0;0;0;0;0;0;0;32;0;0;0;0;16;2;15;3;0;0;17;0;;
0;0;0;0;0;0;0;32;0;0;0;0;0;0;15;21;0;0;0;0;;
0;0;0;0;0;0;0;16;0;0;0;0;0;0;15;38;0;0;0;0;;
0;0;0;0;0;0;0;22;0;0;0;0;0;0;16;31;0;0;0;0;;
0;0;0;0;0;0;0;16;0;0;0;0;0;0;22;31;0;0;0;0;;
0;2;0;0;1;0;0;16;16;1;0;0;1;0;15;31;0;0;0;1;;
16;0;0;0;0;1;0;11;0;0;0;0;0;0;16;29;0;0;0;0;;
0;0;0;0;0;0;15;16;0;0;0;0;0;0;16;15;0;0;0;0;;
0;0;0;0;0;0;0;16;0;0;0;0;0;0;31;22;0;0;0;0;;
1;0;0;0;0;0;0;31;0;2;0;0;3;38;31;16;0;0;0;16;;
0;1;0;0;1;0;1;31;0;1;0;0;1;0;16;16;15;0;0;0;;
1;0;0;0;0;0;1;31;0;0;0;0;1;0;16;16;0;0;0;15;;
15;18;0;0;20;0;0;19;31;32;0;0;0;31;32;50;0;16;169;15;;
0;0;0;0;0;0;0;16;0;0;0;0;0;0;16;15;15;0;16;0;;
16;0;0;0;1;0;0;15;19;0;0;0;0;0;16;31;2;0;16;0;;
0;0;0;0;0;0;0;15;0;0;0;0;0;0;22;32;0;0;0;0;;
0;15;0;0;0;0;0;32;0;0;0;0;0;0;22;15;0;0;0;0;;
22;38;0;0;16;16;0;49;31;31;16;0;16;16;20;15;0;0;153;31;;
0;0;0;0;0;0;0;15;0;0;0;0;0;0;22;32;0;0;0;0;;
0;0;0;0;0;0;0;15;0;0;16;0;0;0;16;16;0;0;0;0;;
0;0;0;0;0;0;0;15;0;0;0;0;0;16;16;16;0;0;0;0;;
0;0;0;0;0;0;0;16;0;0;1;0;0;1;31;15;0;0;4;0;;
0;0;0;0;0;0;0;16;0;0;0;0;0;0;32;21;0;0;0;0;;
15;16;0;0;3;0;0;31;15;16;0;0;0;4;16;16;19;0;34;31;;
0;0;0;0;0;15;0;26;0;0;1;0;0;3;11;28;0;0;4;0;;
0;0;0;0;0;0;0;15;0;0;0;0;0;0;37;16;0;0;0;0;;
0;0;0;0;1;0;0;31;1;0;0;0;0;0;20;16;0;0;16;0;;
0;0;0;0;0;0;0;16;0;0;0;0;0;0;15;15;0;0;0;0;;
5;12;0;0;5;2;5;27;12;12;3;0;5;8;26;28;5;0;95;5;;
0;0;0;0;0;16;0;38;0;0;0;1;15;0;31;31;16;1;32;0;;
0;0;0;0;0;0;16;31;0;0;0;0;0;1;16;2;0;0;3;0;;
0;0;0;0;15;0;0;16;0;0;0;0;0;0;16;22;0;0;0;0;;
0;15;0;0;0;0;0;15;16;0;0;0;16;0;16;22;0;0;16;0;;
0;0;0;0;0;6;16;16;0;0;0;0;0;0;31;31;0;0;0;0;;
0;0;0;0;0;0;0;23;0;0;0;0;0;0;19;31;0;0;15;0;;
0;0;0;0;0;0;0;18;0;0;0;0;16;0;32;15;0;0;16;0;;
0;0;0;0;16;0;0;16;0;0;0;0;0;0;15;22;0;0;16;0;;
15;5;0;0;17;0;0;31;16;0;0;1;16;16;31;22;0;3;63;0;;
16;0;0;0;16;0;0;16;0;0;0;0;0;0;15;37;0;0;0;0;;
0;0;0;0;0;0;0;2;0;0;0;0;0;0;32;20;0;0;0;0;;
0;0;0;0;15;0;0;15;0;0;0;0;0;0;23;16;0;0;0;0;;
0;0;0;0;0;0;0;16;1;0;0;0;0;0;20;31;1;0;0;0;;
0;0;0;0;0;0;0;22;0;0;0;0;16;15;31;16;0;0;31;0;;
0;0;0;0;0;0;0;22;0;0;0;0;0;0;16;15;0;0;0;0;;
1;15;0;0;0;0;0;16;0;0;0;0;0;0;16;15;0;0;0;1;;
0;0;0;0;0;0;0;16;0;0;0;0;0;0;31;15;0;0;0;0;;
0;0;0;0;0;0;0;16;0;0;0;0;0;0;15;22;0;0;0;0;;
0;16;0;0;0;0;0;20;0;0;0;0;0;0;15;34;0;0;15;0;;
0;0;0;0;0;0;0;16;0;0;0;0;15;0;16;22;0;0;15;0;;
0;0;0;0;0;0;0;16;0;0;0;0;16;0;31;31;0;0;0;0;;
16;32;0;0;0;0;0;38;47;16;0;0;15;15;31;47;6;5;116;0;;
0;0;0;0;0;0;16;15;0;0;0;0;0;0;16;32;0;0;15;0;;
0;0;0;0;0;0;0;16;0;0;0;0;0;0;22;47;16;16;0;0;;
0;0;0;0;0;0;0;32;0;0;0;0;15;0;15;22;16;0;31;0;;
0;4;0;0;15;0;0;31;0;0;0;0;1;0;16;16;0;0;15;2;;
0;0;0;0;0;0;0;15;0;0;0;0;0;0;16;32;0;0;0;0;;
17;0;0;0;0;1;1;16;0;0;0;0;0;0;15;31;16;2;1;0;;
2;0;0;0;0;0;0;32;0;1;0;0;3;0;15;15;0;0;16;16;;
0;0;0;0;0;0;0;15;0;0;0;0;0;0;31;16;0;0;0;0;;
0;0;0;0;0;0;0;15;0;0;0;0;0;0;32;16;0;0;0;0;;
0;0;0;0;0;0;0;16;0;16;0;0;0;0;15;23;0;0;0;0;;
0;0;0;0;0;0;0;22;0;0;0;0;0;0;16;16;0;0;0;15;;
0;15;0;0;0;0;0;16;7;16;0;0;0;0;31;31;0;15;38;0;;
0;0;0;0;0;0;0;16;0;0;0;0;0;0;22;15;0;0;0;0;;
0;0;0;0;0;0;0;32;0;0;0;0;0;0;15;15;0;0;0;0;;
0;0;0;0;0;0;0;16;0;0;0;0;0;0;15;16;0;0;1;0;;
0;0;0;0;0;0;0;27;0;0;0;0;0;0;15;16;0;0;0;0;;
0;0;0;0;0;0;0;31;0;0;0;0;0;0;22;16;0;0;0;0;;
0;3;0;0;1;0;0;15;17;0;0;0;0;15;16;16;1;0;0;0;;
0;0;0;0;0;0;0;16;0;0;0;0;0;0;16;15;0;0;0;0;;
0;0;0;0;16;0;0;31;15;15;0;0;0;2;38;32;0;0;20;16;;
1;1;0;0;1;0;1;26;0;1;0;0;1;0;27;39;1;0;0;1;;
1;0;0;0;0;0;0;23;0;0;0;0;0;0;26;28;1;0;1;1;;
0;1;1;0;0;0;1;29;1;0;1;0;1;0;35;27;0;0;1;0;;
3;4;0;0;3;1;3;32;4;6;3;0;2;8;32;34;3;1;24;3;;
1;4;1;0;2;0;2;29;3;4;2;0;2;3;30;42;2;3;9;2;;
4;6;0;0;2;1;2;29;6;7;2;0;2;6;20;29;4;1;13;4;;
4;2;0;0;5;1;5;26;2;2;2;0;5;3;26;22;4;1;27;4;;
1;1;0;0;1;1;0;26;1;2;1;0;1;2;27;22;1;0;4;1;;
44;52;1;0;9;10;30;39;49;64;16;1;17;36;37;49;21;20;457;32;;
2;3;0;0;2;0;1;22;3;3;1;0;2;3;18;26;2;1;10;1;;
0;16;0;0;0;0;0;38;0;0;0;0;15;15;31;16;0;0;47;0;;
0;0;0;0;0;0;0;31;0;0;0;0;0;0;16;16;0;0;0;0;;
16;0;0;0;0;0;0;16;0;0;1;0;0;1;15;17;0;0;19;0;;
0;0;0;0;0;0;0;15;0;0;0;0;0;0;32;22;0;0;0;0;;
4;16;0;0;15;0;0;15;16;18;0;0;16;16;38;31;0;0;138;0;;
15;38;0;0;15;0;22;31;53;32;0;0;15;31;32;38;16;16;300;16;;
1;1;1;0;1;0;0;15;0;0;0;0;1;0;16;16;15;0;0;0;;
0;4;0;0;18;0;0;15;0;15;0;0;0;0;32;16;0;0;16;0;;
1;1;0;0;0;0;0;15;0;0;0;0;1;0;16;16;16;0;0;0;;
0;0;0;0;0;0;0;16;0;15;0;0;0;0;16;15;0;0;16;0;;
0;15;0;0;0;0;0;31;0;16;0;0;0;16;23;15;0;1;18;0;;
0;0;0;0;0;0;15;22;0;0;0;0;0;0;16;16;0;0;16;0;;
1;0;0;0;0;0;0;16;0;0;16;0;0;0;19;15;1;0;0;1;;
0;0;0;0;0;0;0;16;0;0;0;0;0;0;16;15;0;0;16;0;;
0;0;0;0;0;0;0;16;0;0;0;0;0;17;31;5;0;0;0;0;;
0;0;0;0;0;0;0;5;16;0;0;0;0;0;15;33;0;0;0;0;;
16;0;0;0;0;0;0;16;0;0;0;0;0;16;15;22;16;0;15;0;;
0;0;0;0;0;0;0;16;19;16;0;0;0;1;31;31;3;2;13;0;;
0;0;0;0;0;16;0;21;15;0;0;0;0;16;2;15;0;0;15;0;;
0;0;0;0;0;0;0;21;0;0;0;0;16;16;16;16;0;0;0;0;;
0;0;0;0;0;0;0;16;0;0;0;0;0;0;22;16;0;0;0;0;;
1;0;1;0;0;0;1;15;0;15;0;0;0;16;16;16;0;0;0;0;;
0;0;0;0;0;0;0;16;0;0;0;0;0;0;15;15;0;0;16;16;;
0;0;0;0;15;0;0;16;0;0;16;0;0;0;16;15;0;0;0;0;;
0;0;0;0;0;0;0;16;0;0;0;0;0;0;15;16;0;0;0;0;;
0;0;0;0;0;0;0;21;0;0;0;0;0;0;16;15;0;0;0;0;;
16;31;0;0;0;0;15;31;37;31;15;0;6;31;32;22;32;16;270;32;;
15;31;0;0;0;0;0;16;16;0;16;0;0;0;22;15;0;2;31;16;;
0;1;0;0;2;0;0;16;17;0;0;0;0;0;15;31;3;0;16;0;;
1;2;0;0;15;0;0;16;0;2;0;0;1;16;16;15;0;0;0;1;;
0;0;0;0;0;0;0;22;0;16;0;0;0;0;16;31;15;0;32;0;;
0;0;0;0;0;0;0;5;0;0;0;0;0;0;16;32;0;0;0;16;;
0;0;0;0;0;0;0;22;0;0;0;0;0;0;15;32;0;0;0;0;;
0;16;0;0;0;0;15;16;20;16;0;0;0;0;31;31;2;0;53;0;;
0;0;0;0;0;0;0;20;0;0;0;0;0;0;3;15;0;0;0;0;;
16;31;0;0;0;16;0;15;16;22;15;0;0;0;38;32;15;0;168;16;;
0;15;0;0;0;0;0;15;0;0;0;0;0;0;23;16;0;0;0;0;;
0;15;0;0;0;0;1;16;0;1;0;0;1;0;16;15;0;0;0;1;;
0;0;0;0;0;0;16;15;19;0;0;0;0;16;16;16;3;0;15;0;;
0;0;0;0;0;0;0;16;0;0;0;0;0;0;15;16;0;0;0;0;;
0;3;0;0;2;15;0;31;0;0;0;0;0;0;16;16;17;0;16;0;;
0;0;0;0;1;0;0;15;0;1;0;0;0;0;32;16;0;0;0;0;;
0;0;0;0;0;0;0;16;16;0;0;0;0;0;15;15;0;0;16;0;;
0;0;0;0;0;0;0;16;0;0;0;0;0;0;15;18;0;0;0;0;;
0;0;0;0;0;0;0;17;0;0;0;0;0;16;15;19;0;0;0;0;;
0;0;0;0;0;0;0;22;0;0;0;0;0;0;16;16;0;0;0;0;;
1;0;0;0;0;0;0;16;0;1;0;0;0;0;15;16;0;0;0;16;;
0;0;0;0;16;0;0;15;0;0;0;0;0;0;16;16;0;0;16;0;;
0;0;0;0;0;0;0;16;0;0;0;0;0;0;16;15;0;0;0;0;;
0;0;0;0;0;0;0;22;0;0;0;0;0;0;16;16;0;0;0;0;;
16;47;0;0;0;0;0;31;53;47;16;0;0;31;32;22;16;15;270;21;;
0;0;0;0;0;0;0;16;0;0;0;0;0;0;15;21;0;0;0;0;;
0;0;0;0;0;0;0;22;0;0;0;0;0;0;16;15;0;0;16;0;;
16;0;0;0;0;0;0;22;0;0;0;0;0;0;15;16;16;15;16;0;;
0;0;0;0;0;0;0;16;16;0;0;0;0;0;15;22;0;0;16;0;;
0;0;0;0;0;0;0;16;16;0;1;15;15;19;15;18;0;0;0;0;;
16;16;0;0;0;0;0;31;1;0;0;0;0;15;21;16;0;0;16;0;;
1;0;0;0;1;0;0;16;0;0;0;0;0;0;19;16;0;0;0;0;;
0;0;0;0;0;0;0;32;0;0;0;0;0;0;15;15;0;0;0;0;;
0;0;0;0;0;0;0;16;0;0;0;0;0;0;31;22;0;0;0;0;;
0;16;0;0;0;0;0;35;0;16;15;0;0;0;18;16;0;0;54;0;;
0;0;0;0;0;0;0;14;0;0;0;0;0;0;15;31;0;0;0;0;;
0;0;0;0;0;1;18;31;0;0;0;0;0;0;16;22;16;0;47;15;;
0;0;0;0;0;0;0;15;0;0;0;0;0;16;16;16;0;0;0;0;;
0;0;0;0;0;0;0;15;0;0;0;0;0;0;16;23;0;0;0;0;;
0;0;0;0;0;0;0;21;0;15;0;0;0;0;32;16;0;0;16;0;;
0;0;0;0;0;0;0;16;0;0;0;0;0;0;31;53;0;0;0;0;;
0;0;0;0;0;0;0;15;0;0;0;0;15;0;32;16;0;0;22;0;;
0;0;0;0;0;0;0;16;0;0;0;0;0;0;15;16;0;0;0;0;;
16;16;0;0;15;0;0;31;16;15;0;0;0;15;31;23;22;0;85;16;;
0;15;0;0;0;0;0;16;0;0;0;0;0;0;16;15;0;0;0;0;;
16;0;0;0;0;0;0;16;0;0;0;0;0;0;15;22;0;0;0;0;;
0;0;0;0;0;0;0;22;0;0;0;0;0;0;16;16;0;0;0;0;;
0;0;0;0;0;0;0;16;0;0;0;0;0;0;15;15;0;0;0;0;;
0;0;0;0;0;0;0;16;0;0;0;0;0;0;15;15;0;0;0;0;;
0;0;0;0;0;0;0;22;0;0;0;0;0;0;15;16;0;0;0;0;;
1;1;0;0;1;0;0;16;0;0;0;0;1;0;18;31;0;0;0;0;;
16;0;0;0;15;0;0;22;16;0;0;0;0;16;16;15;0;0;31;16;;
0;0;0;0;0;0;0;16;0;0;0;0;0;0;15;16;0;0;1;0;;
0;0;0;0;0;0;0;22;0;0;0;0;0;0;15;16;0;0;0;0;;
0;0;0;0;0;0;0;30;0;0;0;0;0;0;8;15;0;0;16;15;;
0;1;0;0;1;0;1;15;16;1;0;0;1;0;16;16;0;0;0;0;;
16;16;15;0;5;0;0;31;16;16;0;0;0;16;31;22;17;0;146;15;;
20;45;0;0;10;7;8;33;45;43;8;0;9;31;34;34;21;31;316;20;;
0;0;0;0;0;0;0;16;0;0;1;0;0;0;15;4;16;0;0;0;;
15;0;0;0;0;0;0;19;0;0;15;0;0;0;16;19;0;0;0;0;;
0;0;0;0;16;0;0;15;0;0;0;0;0;0;16;23;0;0;15;0;;
0;0;0;0;0;0;0;16;0;0;0;0;16;0;15;22;0;0;16;0;;
0;0;0;0;0;0;0;16;0;0;0;0;0;0;15;22;0;0;16;16;;
15;16;0;0;0;0;0;16;15;0;0;0;16;16;22;31;0;0;53;0;;
16;0;0;0;0;0;0;16;0;0;0;0;0;0;15;22;0;0;0;0;;
0;0;0;0;0;0;0;31;0;4;0;0;18;0;16;16;15;0;38;0;;
0;16;0;0;0;0;16;31;5;15;0;0;0;15;33;16;0;0;85;0;;
0;0;0;0;15;0;16;17;0;0;0;0;0;0;16;16;0;0;15;0;;
0;0;0;0;0;0;16;18;0;0;0;0;0;0;4;15;0;0;0;0;;
16;31;0;0;0;0;0;16;32;15;0;0;16;16;31;37;6;0;131;0;;
0;16;0;0;0;0;0;16;1;16;0;0;0;15;36;16;0;0;16;0;;
0;0;0;0;0;0;0;15;0;0;0;0;0;0;23;16;0;0;0;0;;
0;16;0;0;0;0;0;22;16;22;15;0;0;16;31;16;0;0;100;15;;
0;1;0;0;0;0;0;16;1;1;0;0;0;0;31;15;0;0;16;0;;
0;0;0;0;0;0;0;31;0;0;0;0;0;0;16;16;0;0;0;0;;
0;0;0;0;0;0;0;15;0;0;0;0;0;0;16;16;0;0;0;0;;
0;0;0;0;0;0;0;16;0;0;0;0;0;0;16;22;0;0;0;0;;
15;1;0;0;4;0;0;15;0;0;0;0;16;0;32;31;17;0;38;0;;
0;0;0;0;0;0;0;22;0;0;0;0;0;0;16;31;0;0;0;0;;
1;1;0;0;0;0;0;31;0;0;0;0;0;0;17;16;0;0;0;0;;
0;0;0;0;0;0;0;16;0;0;0;0;0;0;24;16;0;0;0;0;;
0;0;0;0;0;0;0;16;0;0;1;0;16;2;15;17;0;0;25;0;;
0;0;0;0;0;0;15;31;0;0;1;0;0;16;16;5;0;0;0;0;;
0;0;0;0;0;0;0;31;0;0;1;0;0;16;16;5;0;0;0;16;;
0;0;0;0;0;0;0;32;0;0;0;0;0;2;15;5;0;0;18;0;;
16;0;0;0;0;0;0;16;0;0;1;15;0;3;15;17;16;0;17;0;;
16;16;0;0;0;15;0;16;21;16;0;0;0;23;31;31;1;0;78;15;;
0;15;0;0;0;0;0;16;0;0;0;0;0;1;16;4;0;0;1;0;;
0;0;0;0;0;0;0;22;0;0;0;0;0;0;15;16;0;16;0;0;;
0;13;0;16;2;0;16;132;12;0;16;0;0;0;150;131;3;0;53;2;;
0;0;0;0;0;0;0;16;0;0;0;0;0;0;15;15;0;0;16;0;;
0;16;0;0;0;0;0;15;0;0;0;0;0;0;16;16;0;0;0;0;;
0;0;0;0;0;0;0;16;0;16;1;0;0;3;15;16;16;0;18;0;;
0;0;0;0;0;0;0;16;0;0;0;0;0;0;16;15;0;0;0;0;;
0;0;0;0;0;0;0;21;0;0;0;0;0;0;16;16;0;0;0;0;;
1;1;0;0;0;0;0;31;1;0;0;0;0;0;18;16;0;0;0;0;;
0;0;0;0;16;0;0;63;0;0;0;0;0;0;6;15;0;0;0;0;;
0;0;0;0;0;0;0;15;0;0;0;0;15;0;23;16;0;0;15;0;;
1;1;1;0;1;0;0;32;0;1;0;0;1;0;19;15;1;0;0;1;;
0;0;0;0;0;0;0;16;0;0;0;0;0;0;15;31;0;0;0;0;;
1;0;0;0;0;0;2;16;15;3;0;0;16;16;16;15;0;0;0;0;;
0;0;0;0;15;0;0;15;0;0;0;0;0;0;16;16;0;0;0;0;;
0;0;0;0;0;0;0;16;0;0;0;0;16;0;15;16;0;0;16;0;;
0;0;0;0;16;0;0;15;0;0;0;0;15;0;16;22;0;0;0;0;;
0;0;0;0;0;0;0;16;0;0;0;0;15;0;16;31;0;0;22;0;;
0;0;0;0;0;0;0;16;0;0;0;0;0;1;15;16;0;0;4;0;;
0;16;0;0;0;0;0;15;0;0;0;0;0;0;16;23;0;0;15;0;;
0;0;0;0;0;0;0;22;0;0;0;0;0;0;16;16;0;0;0;0;;
0;0;0;0;0;0;1;15;0;0;0;0;0;0;16;16;16;0;0;1;;
0;0;0;0;0;0;0;32;0;16;0;0;0;0;37;15;0;0;16;0;;
1;0;0;0;0;1;0;16;0;15;0;0;0;0;16;15;0;0;0;0;;
0;0;0;0;15;0;0;16;0;0;0;0;0;0;16;15;0;0;0;0;;
0;31;0;0;0;0;16;62;15;19;0;0;3;31;54;69;16;21;202;16;;
0;0;0;0;0;0;0;17;0;0;0;0;0;0;14;31;0;0;0;0;;
0;0;0;0;0;0;0;31;0;0;0;0;0;0;16;16;0;0;0;0;;
0;0;0;0;0;15;0;16;0;0;0;0;0;0;16;15;0;0;0;0;;
0;0;0;0;0;0;0;16;0;0;0;0;16;0;15;22;0;16;0;0;;
0;0;0;0;0;0;0;22;16;0;0;0;0;0;16;15;0;0;0;0;;
0;0;0;0;0;0;0;23;0;0;0;0;0;0;15;15;0;0;16;0;;
1;1;0;0;0;0;0;16;0;0;0;0;1;0;18;31;1;0;0;0;;
0;0;0;0;0;0;0;16;0;0;0;0;0;0;22;31;0;0;15;16;;
0;0;0;0;0;0;0;16;0;0;0;0;0;15;16;22;15;16;16;0;;
0;0;0;0;0;0;0;22;0;16;0;0;0;0;15;16;0;0;0;0;;
0;34;0;0;0;0;16;22;16;31;0;0;0;0;31;31;15;0;100;4;;
0;16;0;0;0;0;15;31;15;0;16;0;1;0;16;17;0;16;16;6;;
0;0;0;0;0;0;0;16;0;0;0;0;0;0;16;15;0;0;0;0;;
0;0;0;0;0;0;15;22;0;0;0;0;0;0;31;31;16;0;47;16;;
16;0;0;0;0;0;0;16;0;0;0;0;0;1;15;16;0;1;2;0;;
0;0;0;0;0;0;0;15;0;0;0;0;15;3;32;16;0;0;19;0;;
0;0;0;0;0;0;0;16;0;0;0;0;0;0;15;16;0;0;1;0;;
0;16;0;0;0;0;0;15;0;0;0;0;0;16;16;22;0;0;0;0;;
0;0;0;0;0;0;0;16;0;0;0;0;0;0;15;22;0;0;0;0;;
0;0;0;0;0;0;0;22;0;0;0;0;0;0;16;15;0;0;16;16;;
0;16;0;0;0;0;16;32;53;15;15;0;0;16;16;37;0;0;69;0;;
0;0;0;0;0;0;0;16;0;16;0;0;0;0;16;16;0;16;0;0;;
0;0;0;0;0;0;0;15;0;0;0;0;0;0;23;16;0;0;0;0;;
0;16;0;0;0;0;0;16;0;0;0;0;0;0;15;16;0;0;0;0;;
0;0;0;0;0;0;0;15;15;16;0;0;0;0;16;16;0;1;1;0;;
0;0;0;0;0;0;0;15;0;0;1;0;0;1;16;16;0;1;1;0;;
0;0;0;0;0;0;0;16;0;0;0;0;0;0;31;22;0;0;15;0;;
0;0;0;0;0;0;0;3;0;0;0;0;0;16;31;19;0;0;0;0;;
0;0;0;0;0;0;0;20;0;0;0;0;0;0;18;31;0;0;0;0;;
0;1;0;0;0;0;0;16;1;1;0;0;0;0;32;16;0;0;0;0;;
0;0;0;0;0;0;17;31;0;0;0;0;0;0;15;16;0;0;16;0;;
16;0;0;0;0;0;0;16;0;0;0;0;0;0;15;15;0;0;0;0;;
0;0;0;0;0;0;0;37;0;16;0;0;0;15;16;16;16;0;32;0;;
16;0;0;0;0;0;0;15;3;0;0;0;0;15;33;32;2;0;23;0;;
1;16;1;0;0;0;0;16;0;1;0;0;0;0;15;16;0;0;0;1;;
0;0;0;0;0;0;0;16;0;0;0;0;0;0;31;16;0;0;0;0;;
1;0;0;0;0;1;1;16;0;3;0;0;0;4;31;31;0;0;18;16;;
0;2;0;0;2;0;0;15;17;0;0;0;0;0;16;16;1;0;15;0;;
16;0;0;0;0;0;0;31;3;0;0;0;0;0;19;16;0;0;15;0;;
0;0;0;0;0;0;0;16;0;0;0;0;0;0;15;15;0;0;0;0;;
0;0;0;0;0;0;0;16;16;0;0;0;0;0;15;15;0;0;0;0;;
0;0;0;0;0;0;0;16;0;0;0;0;0;0;31;21;0;0;0;0;;
0;0;0;0;0;16;0;18;0;0;0;0;0;0;16;35;0;0;0;0;;
0;0;0;0;0;0;0;19;0;0;0;0;0;0;16;16;0;0;0;0;;
0;0;0;0;16;0;0;15;0;16;0;0;0;16;31;21;0;0;15;0;;
0;0;0;0;0;0;0;32;0;0;0;0;0;0;15;15;0;0;0;0;;
0;15;0;0;0;0;0;31;0;16;0;0;0;0;38;31;16;19;19;0;;
15;16;0;0;0;0;0;31;1;0;15;0;0;0;37;16;0;3;0;0;;
0;22;0;0;0;0;0;16;0;16;0;0;0;22;31;31;0;0;16;0;;
16;0;0;0;0;0;0;22;0;0;0;0;0;0;15;32;0;15;0;0;;
0;0;0;0;0;0;0;22;0;0;0;0;0;0;31;31;0;0;0;0;;
0;0;0;0;0;0;0;16;0;0;0;0;0;0;31;39;0;0;15;16;;
0;15;0;0;0;0;0;15;0;0;0;0;0;0;16;16;0;0;0;0;;
0;0;0;0;0;0;0;17;0;0;0;0;0;0;15;21;0;0;0;0;;
0;0;0;0;0;0;0;20;0;0;0;0;0;0;2;31;16;0;0;0;;
0;2;0;0;2;0;0;16;15;0;0;0;1;0;16;15;1;0;0;1;;
0;17;0;0;0;0;0;15;0;3;0;0;1;16;16;16;0;0;0;1;;
0;0;0;0;0;0;0;16;0;0;0;0;0;0;16;15;0;0;0;0;;
0;0;0;0;0;0;0;16;0;0;0;0;0;1;31;16;0;1;3;0;;
15;0;0;0;0;0;0;47;3;0;0;0;0;0;35;15;0;0;23;0;;
16;16;0;0;0;0;0;32;6;0;16;0;0;0;31;15;0;16;53;15;;
0;0;0;0;0;0;0;15;16;0;1;0;15;22;16;19;0;0;15;0;;
0;0;0;0;2;0;0;16;18;15;0;0;0;0;15;31;3;0;16;0;;
0;0;0;0;0;0;0;16;0;0;0;0;0;15;22;16;0;0;0;16;;
0;15;0;0;0;0;0;15;0;0;0;0;0;15;32;54;0;0;0;0;;
2;3;0;0;1;1;1;20;3;3;2;0;1;4;21;23;1;2;5;2;;
7;16;1;0;7;2;3;31;17;15;4;0;4;16;32;29;34;6;65;11;;
4;10;1;0;3;1;3;32;10;10;4;0;2;19;25;30;6;6;87;4;;
0;0;0;0;0;1;0;18;1;1;1;0;0;0;20;19;0;0;2;1;;
0;1;0;0;0;1;0;18;1;1;0;0;0;0;19;18;0;0;2;0;;
2;3;1;0;3;0;3;20;5;2;1;0;3;2;20;22;3;0;19;2;;
1;1;0;0;1;0;2;20;2;2;1;0;1;2;17;21;1;1;2;1;;
5;10;0;0;3;2;3;22;11;9;2;0;4;9;29;21;5;4;37;5;;
3;3;0;1;2;1;3;22;4;3;2;0;2;4;27;22;4;0;27;3;;
8;11;2;0;11;0;8;24;12;10;5;0;7;113;25;26;15;2;37;8;;
0;0;0;0;0;0;0;32;0;0;0;0;0;0;15;15;0;0;0;0;;
0;0;0;0;0;0;0;15;16;0;0;0;15;2;16;16;0;0;20;0;;
16;5;0;0;17;0;0;16;16;0;0;0;15;62;31;38;0;0;16;0;;
0;0;0;0;0;0;0;22;0;15;0;0;0;15;16;16;0;0;0;0;;
0;0;0;0;0;0;0;15;0;0;0;0;16;0;22;16;0;0;0;0;;
0;0;0;0;0;0;0;16;0;0;0;0;0;0;16;15;0;0;0;0;;
3;0;0;0;0;0;2;16;16;15;0;0;0;0;15;16;0;0;15;0;;
0;0;0;0;0;0;0;16;0;0;0;0;0;16;15;15;0;0;0;0;;
0;0;0;0;0;0;0;31;0;0;0;0;0;2;16;3;0;0;17;0;;
0;0;0;0;0;16;0;15;0;0;0;0;0;0;16;23;15;0;15;0;;
0;0;0;0;0;0;0;15;0;0;0;0;0;0;16;20;16;0;0;0;;
15;16;0;0;0;0;0;31;16;0;0;0;0;16;22;31;0;0;22;0;;
16;0;0;0;0;0;0;17;0;0;0;0;0;16;16;20;0;0;0;0;;
0;0;0;0;15;0;0;22;0;0;0;0;0;0;16;16;0;0;0;0;;
0;0;0;0;0;0;0;22;0;0;0;0;16;0;16;15;0;0;16;0;;
3;0;0;0;0;0;1;19;0;18;0;0;0;16;31;34;16;0;0;16;;
0;0;0;0;0;0;0;15;1;0;0;0;0;0;37;32;0;0;0;0;;
0;0;0;0;0;0;16;31;0;0;0;0;0;15;22;16;0;0;0;0;;
16;15;0;0;0;1;1;38;0;0;0;0;0;16;47;31;0;0;0;0;;
16;18;0;0;0;0;0;37;16;0;15;0;0;16;47;32;0;15;0;4;;
0;0;0;0;0;0;0;15;0;0;0;0;0;0;22;32;0;0;0;0;;
1;0;0;0;0;0;1;16;0;2;0;0;1;0;15;15;0;0;16;16;;
0;16;0;0;0;0;0;22;15;22;0;0;0;15;16;47;16;0;101;15;;
38;78;0;0;4;0;0;16;68;78;0;0;0;54;32;31;34;0;131;22;;
25;16;0;0;0;0;4;32;22;16;0;0;0;39;15;15;16;0;31;24;;
0;0;0;0;16;0;0;31;15;15;0;0;0;0;7;16;0;0;31;16;;
1;0;0;0;15;0;0;31;0;21;0;0;0;0;16;16;0;0;22;0;;
47;101;16;0;15;0;0;32;100;116;15;0;16;69;21;32;32;16;216;37;;
0;15;0;0;0;0;0;16;0;0;0;0;0;0;16;15;0;0;0;0;;
0;0;0;0;0;0;0;2;0;0;0;0;0;0;31;20;0;16;0;0;;
0;0;0;0;0;0;0;22;0;0;0;0;0;15;16;16;0;0;0;15;;
0;0;0;0;0;0;0;31;16;0;0;0;0;16;16;22;0;0;15;15;;
0;0;0;0;0;0;0;19;0;16;0;0;0;47;32;34;15;0;0;0;;
0;0;0;0;16;0;0;15;0;0;0;0;0;0;16;16;0;0;16;0;;
16;0;0;0;0;0;0;15;0;0;16;0;0;0;16;16;0;0;0;0;;
31;0;0;0;2;0;0;31;0;0;16;0;0;0;32;22;35;2;62;16;;
0;0;0;0;0;0;0;15;0;0;0;0;0;0;31;18;0;0;31;16;;
0;0;0;0;0;0;0;16;0;0;1;1;0;1;16;15;0;0;3;0;;
0;0;0;0;0;0;0;15;16;15;1;0;0;20;16;17;0;0;16;0;;
16;32;0;0;0;0;0;16;15;0;0;0;15;0;22;31;0;0;32;0;;
0;0;0;0;0;0;0;16;0;0;0;0;0;0;22;15;0;0;0;0;;
15;16;0;0;0;0;0;32;0;0;0;0;0;16;21;16;0;0;15;0;;
0;0;0;0;0;0;0;21;0;0;0;0;0;0;16;16;0;0;0;0;;
16;0;0;0;0;0;0;16;0;0;16;0;0;0;53;15;0;0;0;0;;
0;0;0;0;0;0;0;17;0;0;0;0;0;0;15;32;0;0;0;0;;
1;1;0;0;1;0;0;15;1;1;0;0;0;0;32;16;0;0;0;1;;
0;0;0;0;0;0;0;16;0;0;0;0;0;16;16;15;0;0;0;0;;
0;16;0;0;0;0;0;16;0;0;0;0;0;0;15;22;0;0;0;0;;
16;0;0;0;0;0;0;16;0;0;0;0;0;0;15;22;0;0;16;0;;
0;16;0;0;0;0;0;31;0;0;0;0;0;0;16;16;0;0;37;0;;
1;0;0;0;0;1;1;16;0;2;16;0;1;0;15;15;0;0;16;17;;
16;0;0;0;0;0;1;16;0;0;0;0;0;0;31;16;0;0;15;0;;
0;22;0;0;0;0;15;38;32;32;0;0;0;31;31;47;0;0;84;15;;
0;0;0;0;0;0;0;17;0;0;0;0;0;0;31;15;0;0;0;0;;
0;0;0;0;0;0;0;35;16;0;0;0;0;0;3;15;0;0;0;0;;
0;0;0;0;0;0;0;15;1;0;16;0;0;0;21;16;0;0;0;0;;
0;16;0;0;0;0;0;37;0;16;0;0;0;0;16;16;0;0;31;0;;
0;0;0;0;0;0;0;22;0;0;0;0;0;0;16;16;0;0;0;0;;
16;16;0;0;0;0;0;22;0;0;0;0;0;0;31;16;0;0;31;0;;
0;15;0;16;0;0;16;32;16;22;0;0;0;200;37;47;16;0;107;16;;
0;0;0;0;0;0;0;17;15;0;0;0;16;0;16;31;0;0;16;0;;
0;0;0;0;2;0;0;31;17;15;0;0;0;16;16;16;3;0;22;0;;
;;;;;;;;;;;;;;;;;;;;;
REPTreeDepth3, 2 folds;J48.0001., 2 folds;DefaultAccuracy;NominalAttDistinctValues;RandomTreeDepth1, 2 folds;Cardinality;RandomTreeDepth3, 2 folds;CfsSubsetEval_NaiveBayes, 2 folds;J48.001., 2 folds;J48.00001., 2 folds;DecisionStump, 2 folds;SimpleMetaFeatures;RandomTreeDepth2, 2 folds;NaiveBayes, 2 folds;CfsSubsetEval_DecisionStump, 2 folds;CfsSubsetEval_kNN1N, 2 folds;REPTreeDepth1, 2 folds;Statistical;kNN1N, 2 folds;REPTreeDepth2, 2 folds;;
0;0;0;0;0;0;0;2;0;0;0;0;0;0;2;2;0;0;0;0;;min
60;101;16;16;29;19;30;132;201;116;54;16;18;200;150;1096;56;69;1118;67;;max
3.258928571;4.944196429;0.160714286;0.127232143;1.955357143;0.654017857;1.636160714;23.30357143;5.129464286;4.464285714;1.535714286;0.220982143;2.113839286;6.852678571;23.08705357;25.80580357;2.979910714;1.520089286;22.25;2.955357143;6.747767857;mean
7.2055231;10.65652936;1.088114124;1.127722666;4.784906315;2.722825463;4.453553506;12.91755401;13.93483647;10.74412512;4.709751607;1.614058472;4.792850469;17.67920217;12.29561523;52.23603079;6.80513514;5.44284819;69.21195448;6.99858199;;stdv
