DataId; RankerBuildTimes; KendallRankCorrelation; Loss; RootMeanSquareError; RankerPredictTimes; BestThreeLoss
0.924068; 7225.0; 0.36796536796536794; 1.6949150000000088; 8.242584322408081; 15.0; 0.0
0.872195; 4943.0; 0.4458874458874459; 3.346007; 28.191114679115824; 1.0; 3.346007
0.610512; 4422.0; 0.4458874458874459; 7.906976999999998; 5.336151616934315; 2.0; 6.9767439999999965
0.767568; 4741.0; 0.5844155844155844; 1.333332999999996; 13.023275309478116; 1.0; 1.333332999999996
0.871837; 4657.0; 0.5757575757575758; 5.862069000000005; 8.40283379639481; 1.0; 0.3448269999999951
0.825862; 4429.0; 0.8095238095238095; 2.9090910000000036; 4.825765450964439; 2.0; 0.0
0.827738; 4612.0; 0.5757575757575758; 7.6190480000000065; 16.209107295048515; 1.0; 1.4285720000000026
0.923201; 4426.0; 0.6017316017316018; 1.2021860000000117; 23.3511135269766; 2.0; 1.2021860000000117
1.0; 4438.0; 0.6883116883116883; 0.0; 17.167945894109668; 1.0; 0.0
0.593327; 4449.0; 0.18614718614718614; 8.433734999999999; 5.04396688955797; 1.0; 3.1325300000000027
0.975222; 4482.0; 0.6190476190476191; 1.3526570000000078; 10.945196015653003; 1.0; 0.5797110000000032
0.656478; 4685.0; 0.3333333333333333; 0.9756100000000032; 14.963283596754831; 2.0; 0.9756100000000032
0.808324; 4806.0; -0.23809523809523808; NaN; NaN; 1.0; NaN
0.60352; 4580.0; 0.31601731601731603; 0.0; 10.598866692264174; 1.0; 0.0
0.79304; 4429.0; 0.49783549783549785; 0.0; 7.642528063696192; 1.0; 0.0
0.778287; 4627.0; 0.6796536796536796; 2.4299060000000026; 3.776529092868279; 2.0; 0.0
0.818419; 4429.0; 0.49783549783549785; 1.7647060000000039; 4.204503369151614; 1.0; 1.7647060000000039
0.635145; 4448.0; -0.012987012987012988; 2.6666669999999897; 15.002470773285497; 2.0; 0.8888889999999918
0.649048; 5438.0; 0.6277056277056277; 1.0738259999999968; 5.726563356925947; 2.0; 0.0
0.35942; 5184.0; 0.45454545454545453; 0.8333340000000078; 9.786816732281956; 2.0; 0.0
0.408812; 4771.0; 0.5064935064935064; 0.0; 21.208139575028245; 1.0; 0.0
0.534853; 4741.0; -0.22077922077922077; NaN; NaN; 1.0; NaN
0.960868; 4444.0; 0.6277056277056277; 1.5841580000000022; 16.099535924736976; 1.0; 0.7920790000000011
0.755952; 4428.0; 0.21212121212121213; 0.0; 17.12123567847029; 1.0; 0.0
0.629545; 4416.0; 0.49783549783549785; 2.5; 13.448826039875936; 2.0; 2.5
0.643403; 4505.0; 0.7489177489177489; 0.0; 5.242696325476769; 1.0; 0.0
0.600862; 4457.0; 0.18614718614718614; 4.0; 14.414125557078455; 1.0; 1.333332999999996
0.705357; 4439.0; 0.20346320346320346; 7.5; 17.688666361418605; 2.0; 5.0
0.884132; 4873.0; 0.7316017316017316; 2.5531919999999957; 7.903158057433024; 1.0; 2.127660000000006
0.66202; 4456.0; 0.36796536796536794; 2.077922000000001; 17.16075136977713; 1.0; 0.0
0.82999; 4470.0; 0.5238095238095238; 6.0; 9.937854878010679; 1.0; 0.0
0.660853; 4412.0; 0.012987012987012988; 2.222221999999988; 14.117082712742468; 2.0; 2.222221999999988
0.771161; 4879.0; 0.6536796536796536; 0.0; 9.232591508331282; 1.0; 0.0
0.730653; 4445.0; 0.6536796536796536; 0.0; 5.662734119863025; 1.0; 0.0
0.961616; 4468.0; 0.696969696969697; 0.8791209999999978; 12.676655003218363; 1.0; 0.0
0.633529; 4443.0; 0.341991341991342; 1.9512199999999922; 11.878471875058796; 1.0; 1.9512199999999922
0.563759; 4420.0; 0.16883116883116883; 2.247191000000001; 3.479679505424923; 1.0; 1.7977530000000002
0.632848; 4501.0; 0.5151515151515151; 1.186441000000002; 2.3576010045226363; 2.0; 0.50847499999999
0.697331; 4406.0; 0.3939393939393939; 3.902439000000001; 10.127365340918995; 1.0; 3.902439000000001
0.777031; 4393.0; 0.7575757575757576; 0.0; 21.412664638521758; 2.0; 0.0
0.676226; 4427.0; 0.6103896103896104; 1.25; 6.909881577243422; 2.0; 0.0
0.996273; 4729.0; 0.3333333333333333; 4.436620000000005; 14.772408530167347; 2.0; 0.28169000000001176
0.776897; 4392.0; 0.7489177489177489; 0.0; 21.371218493392686; 2.0; 0.0
0.574102; 4419.0; 0.49783549783549785; 0.0; 4.129056873113982; 2.0; 0.0
0.5; 4379.0; 0.05627705627705628; 50.0; 25.345927119298587; 1.0; 10.0
0.729167; 4391.0; 0.6363636363636364; 1.7721519999999913; 17.012270769511158; 2.0; 0.759492999999992
0.78659; 4717.0; 0.5757575757575758; 7.7419359999999955; 11.678487372560541; 1.0; 7.7419359999999955
0.727134; 4513.0; 0.20346320346320346; 2.325581999999997; 9.032156924304665; 2.0; 0.0
0.957646; 4485.0; 0.3333333333333333; 0.0; 6.315139009139709; 1.0; 0.0
0.746667; 4471.0; 0.670995670995671; 0.8333329999999961; 14.69129042663173; 1.0; 0.0
0.804356; 4412.0; 0.6363636363636364; 0.0; 6.686509859032108; 2.0; 0.0
0.9558; 4895.0; 0.6623376623376623; 0.0; 10.473603560977907; 1.0; 0.0
0.980456; 4447.0; 0.6190476190476191; 0.8695659999999918; 7.966997399759365; 1.0; 0.0
0.599714; 4443.0; 0.26406926406926406; 7.0; 9.758211715469871; 2.0; 4.142856999999999
0.663465; 4430.0; 0.3939393939393939; 32.68292700000001; 16.964218021707662; 1.0; 32.68292700000001
0.636323; 4444.0; 0.3852813852813853; 0.0; 12.860071042412237; 1.0; 0.0
1.0; 4465.0; 0.3333333333333333; 0.0; 7.175103156896137; 1.0; 0.0
0.650235; 4455.0; 0.30735930735930733; 1.5053759999999983; 5.309049848236704; 2.0; 1.5053759999999983
0.567675; 4426.0; 0.48917748917748916; 12.0; 8.472073157307143; 1.0; 12.0
0.891242; 4444.0; 0.6103896103896104; 0.7142860000000013; 13.474688730789621; 1.0; 0.7142860000000013
0.732214; 4414.0; 0.6017316017316018; 0.0; 8.895949520893284; 1.0; 0.0
0.490741; 4413.0; 0.11688311688311688; 0.0; 18.044194358194375; 1.0; 0.0
0.576013; 4872.0; 0.5324675324675324; 1.525424000000001; 22.886828505679155; 2.0; 1.525424000000001
0.955204; 4396.0; 0.7056277056277056; 1.6326529999999906; 11.391594802831131; 1.0; 0.0
0.701815; 4414.0; 0.4805194805194805; 9.860465000000005; 7.525014932389362; 1.0; 0.0
0.669787; 4435.0; 0.3939393939393939; 26.037736000000002; 11.089839155720439; 1.0; 0.0
0.541607; 4418.0; 0.6277056277056277; 0.0; 2.7578815074005756; 1.0; 0.0
0.912174; 4434.0; 0.6103896103896104; 1.25; 23.479763244147012; 1.0; 1.25
0.638042; 4689.0; 0.645021645021645; 0.0; 12.051396120196019; 1.0; 0.0
0.563598; 4442.0; 0.37662337662337664; 6.315790000000007; 18.42152469411514; 1.0; 6.315790000000007
0.558182; 4455.0; 0.5497835497835498; 10.0; 13.314395983422266; 1.0; 4.444444000000004
0.804196; 4434.0; 0.5757575757575758; 0.0; 23.038799766255018; 2.0; 0.0
0.717801; 4488.0; 0.6103896103896104; 4.400000000000006; 6.69239462287569; 1.0; 0.4000000000000057
0.957222; 6107.0; 0.8614718614718615; 0.0; 12.39900049579902; 1.0; 0.0
0.628212; 4902.0; 0.341991341991342; 0.5755400000000037; 11.574081105231333; 1.0; 0.5035969999999992
0.750094; 4383.0; 0.696969696969697; 0.0; 7.64027774500956; 1.0; 0.0
0.778138; 4412.0; 0.7402597402597403; 0.8695650000000086; 8.179743776249468; 1.0; 0.0
0.726843; 4379.0; 0.6796536796536796; 0.9090909999999894; 16.80147354077139; 1.0; 0.0
0.98446; 4705.0; 0.7056277056277056; 0.0; 11.104202439692592; 1.0; 0.0
0.759223; 4584.0; 0.22943722943722944; 34.463277000000005; 10.14638207650666; 1.0; 33.89830499999999
0.976354; 4430.0; 0.5238095238095238; 0.0; 11.719727253080842; 1.0; 0.0
0.726339; 4656.0; 0.36796536796536794; 1.8181809999999956; 8.084767392714198; 1.0; 1.8181809999999956
0.691587; 4443.0; 0.36796536796536794; 0.0; 12.860734312015152; 1.0; 0.0
0.568078; 4446.0; 0.4458874458874459; 9.5; 7.940428627668842; 1.0; 9.0
0.8125; 4432.0; 0.5497835497835498; 0.0; 13.35434165678296; 1.0; 0.0
0.636654; 4454.0; 0.5411255411255411; 20.000000000000007; 9.788925698802535; 1.0; 7.272728000000001
0.657738; 4430.0; 0.5411255411255411; 6.153845999999987; 17.730390643093404; 1.0; 0.0
0.545877; 4436.0; 0.4805194805194805; 11.25; 13.4299742092402; 1.0; 0.0
0.34; 4503.0; 0.5324675324675324; 0.0; 14.17051019296625; 1.0; 0.0
-1.0; 4435.0; -0.06493506493506493; 0.0; 5.445305152735437; 1.0; 0.0
-1.0; 4395.0; -0.06493506493506493; 0.0; 6.138348037913137; 1.0; 0.0
0.979; 4416.0; 0.7662337662337663; 0.0; 12.027991259440372; 1.0; 0.0
-1.0; 4432.0; -0.004329004329004329; 0.0; 7.954354570964869; 1.0; 0.0
-1.0; 4451.0; -0.004329004329004329; 0.0; 6.308069246459963; 1.0; 0.0
0.643829; 4408.0; 0.4805194805194805; 0.30769300000000044; 12.661136421335375; 1.0; 0.30769300000000044
0.9558; 4580.0; 0.6883116883116883; 0.0; 8.752378481233015; 1.0; 0.0
0.667348; 4426.0; 0.46320346320346323; 2.3529419999999988; 5.85997366008551; 2.0; 2.3529419999999988
0.567027; 4404.0; 0.7489177489177489; 0.8219180000000108; 2.157008908268063; 1.0; 0.0
0.61889; 4426.0; 0.5757575757575758; 0.20512800000000198; 4.97357185347995; 1.0; 0.20512800000000198
0.546716; 4399.0; 0.5670995670995671; 0.9302330000000012; 5.3404691352869476; 1.0; 0.0
0.51416; 4445.0; 0.6277056277056277; 0.0; 3.4765845055158096; 1.0; 0.0
0.531997; 4417.0; 0.5584415584415584; 3.2727280000000007; 7.94196761306168; 1.0; 0.0
0.567027; 4603.0; 0.7922077922077922; 0.8219180000000108; 1.2190643928553804; 1.0; 0.0
0.64436; 4393.0; 0.18614718614718614; 4.0; 13.977066631790382; 1.0; 0.0
0.629709; 4393.0; 0.5238095238095238; 0.2870810000000006; 8.676151667939518; 1.0; 0.19138800000000344
0.48594; 4434.0; 0.1774891774891775; 1.0909089999999964; 19.209521874131962; 1.0; 0.0
1.0; 4404.0; 0.3593073593073593; 0.0; 8.713729123308251; 1.0; 0.0
0.825368; 4401.0; 0.5064935064935064; 4.444444000000004; 6.555014569964483; 1.0; 1.4814810000000023
0.604425; 4406.0; 0.29004329004329005; 0.09009000000000356; 11.009739721321893; 2.0; 0.09009000000000356
0.619474; 4846.0; 0.3593073593073593; 8.695652000000003; 9.861905288634343; 1.0; 0.0
0.818781; 4376.0; 0.6103896103896104; 0.0; 25.1472401394679; 1.0; 0.0
0.516898; 4413.0; 0.5064935064935064; 2.5157230000000084; 2.721711841510832; 1.0; 0.12578600000000506
0.717502; 4403.0; 0.5151515151515151; 0.0; 6.40899591859208; 1.0; 0.0
0.97; 4374.0; 0.42857142857142855; 3.793103000000002; 15.134226714740274; 1.0; 0.0
0.535435; 4416.0; 0.37662337662337664; 4.1891900000000035; 3.218842334806502; 2.0; 1.3513519999999986
0.742216; 4382.0; 0.341991341991342; 0.6060609999999969; 8.367372007040673; 2.0; 0.0
0.78397; 4376.0; 0.7056277056277056; 0.0; 7.365816341355944; 1.0; 0.0
0.43441; 4983.0; 0.6363636363636364; 3.1818179999999927; 13.736508596532264; 2.0; 0.0
0.543561; 4388.0; 0.30735930735930733; 0.0; 6.5230266354496615; 2.0; 0.0
0.941246; 4381.0; 0.5064935064935064; 1.8421060000000011; 7.162542094261723; 1.0; 0.0
0.97708; 4408.0; 0.37662337662337664; 1.224490000000003; 6.604805378106983; 1.0; 0.0
0.498797; 4391.0; 0.4458874458874459; 5.0; 9.415557857239975; 1.0; 5.0
0.518134; 4454.0; 0.3939393939393939; 11.666667000000004; 17.22101220481282; 1.0; 5.0
0.806752; 4385.0; 0.6883116883116883; 7.521366999999998; 13.754644925208042; 1.0; 1.3675210000000106
0.598572; 4412.0; 0.0735930735930736; 0.46511599999999476; 4.75973963493875; 2.0; 0.46511599999999476
0.8497; 4530.0; 0.48917748917748916; 8.0; 21.846564205880174; 1.0; 4.0
0.993547; 4418.0; 0.670995670995671; 0.0; 11.769576940435813; 1.0; 0.0
0.783734; 4380.0; 0.5151515151515151; 7.457627000000002; 13.941371818158773; 1.0; 4.067796999999999
0.78349; 4402.0; 0.2987012987012987; 12.727272999999997; 7.045473638698315; 2.0; 6.363636999999997
0.65715; 4414.0; 0.645021645021645; 0.0; 17.3558460597429; 1.0; 0.0
0.653729; 4387.0; 0.41125541125541126; 0.0; 12.786167233615863; 1.0; 0.0
0.613182; 4410.0; 0.26406926406926406; 0.0; 17.576898146910278; 1.0; 0.0
0.614839; 4404.0; 0.45454545454545453; 5.098039; 7.73445579060019; 2.0; 0.0
0.868; 4532.0; 0.21212121212121213; 4.16666699999999; 5.487417606100155; 2.0; 1.1111119999999914
0.932894; 4401.0; 0.6363636363636364; 10.0; 7.860623455888129; 2.0; 0.0
0.522546; 4402.0; 0.35064935064935066; 2.307692000000003; 8.3610496889426; 2.0; 1.5384619999999956
0.566947; 4500.0; 0.6796536796536796; 7.878787000000003; 6.6876023132849856; 1.0; 7.878787000000003
0.445784; 4447.0; 0.2813852813852814; 0.0; 11.199798887865548; 1.0; 0.0
0.704444; 4428.0; 0.29004329004329005; 6.1538460000000015; 11.841959870553344; 1.0; 4.615384000000006
0.883333; 4392.0; 0.6536796536796536; 0.0; 12.49044966484196; 1.0; 0.0
0.5215; 4396.0; 0.10822510822510822; 3.5652170000000005; 6.878693154390578; 1.0; 3.5652170000000005
0.460938; 4664.0; 0.20346320346320346; 1.0050250000000034; 5.76357404725201; 2.0; 1.0050250000000034
1.0; 4414.0; 0.22943722943722944; 0.27777799999999786; 9.873133452483941; 1.0; 0.0
0.717857; 4386.0; 0.37662337662337664; 7.826086999999987; 8.745477997742428; 2.0; 0.8695659999999918
0.560401; 4407.0; 0.15151515151515152; 7.0607650000000035; 9.864001558148313; 1.0; 3.141137999999998
0.579512; 4417.0; 0.49783549783549785; 4.852941000000001; 5.106599943353836; 1.0; 0.0
0.359175; 4400.0; 0.6103896103896104; 7.586207000000002; 6.187619857257646; 1.0; 0.0
0.964286; 4418.0; 0.8874458874458875; 0.0; 5.112088033402304; 1.0; 0.0
0.88; 4394.0; 0.43722943722943725; 6.666667000000004; 13.828207372804705; 1.0; 6.666667000000004
0.964286; 4429.0; 0.922077922077922; 0.0; 5.29097969710078; 1.0; 0.0
0.7565; 4466.0; 0.5238095238095238; 5.333332999999996; 24.259095248069872; 1.0; 0.0
0.569935; 4408.0; 0.18614718614718614; 0.0; 8.105816705871211; 1.0; 0.0
0.924817; 4459.0; 0.5844155844155844; 2.8571430000000078; 23.480018980659516; 1.0; 1.4285710000000051
0.796368; 4382.0; 0.47186147186147187; 3.0; 7.1484373042553395; 2.0; 0.3333329999999961
0.541607; 4399.0; 0.5411255411255411; 0.14388499999999738; 2.6757043011961215; 1.0; 0.14388499999999738
0.854562; 4386.0; 0.6623376623376623; 0.176991000000001; 12.217365566897936; 1.0; 0.176991000000001
0.951225; 4395.0; 0.6190476190476191; 0.23809500000000128; 16.559322054695052; 1.0; 0.23809500000000128
0.868679; 4405.0; 0.45454545454545453; 2.170542999999995; 5.613079275283796; 1.0; 0.46511599999999476
0.540206; 4815.0; 0.3852813852813853; 4.905661000000002; 5.78920092228229; 1.0; 0.7547170000000065
0.528805; 4799.0; 0.14285714285714285; 4.516128999999999; 8.794209558290744; 2.0; 4.516128999999999
0.853096; 5239.0; 0.49783549783549785; 28.571427999999997; 13.530709684412782; 1.0; 0.0
0.575241; 4500.0; 0.47186147186147187; 15.555555999999996; 9.825054012725117; 1.0; 2.2222229999999996
0.581571; 4427.0; 0.3939393939393939; 4.0; 10.972856312499037; 1.0; 4.0
0.812739; 4396.0; 0.30735930735930733; 7.7419359999999955; 18.534492680578126; 1.0; 0.0
0.694434; 4430.0; 0.3593073593073593; 14.761904000000001; 9.14117671213167; 1.0; 0.0
0.827875; 4821.0; 0.6017316017316018; 3.1111119999999914; 20.449385273671147; 1.0; 0.44444500000000176
0.734524; 4515.0; 0.3246753246753247; 2.197801999999996; 6.836963670191597; 1.0; 0.8791209999999978
0.583272; 4871.0; 0.5324675324675324; 7.474747999999991; 12.704411554512136; 1.0; 0.0
0.502117; 4592.0; 0.6883116883116883; 3.584906; 5.989256157821707; 0.0; 3.584906
0.501707; 4445.0; 0.49783549783549785; 11.666667; 5.298840894031432; 0.0; 8.518519000000001
0.515836; 4421.0; 0.5844155844155844; 5.242717999999996; 7.413624353323109; 1.0; 3.1067959999999957
0.588482; 4446.0; 0.45454545454545453; 6.619718999999996; 7.771607521295836; 1.0; 2.816901999999999
0.501822; 4393.0; 0.7142857142857143; 2.2837369999999986; 4.180621623574532; 1.0; 0.0
1.0; 4428.0; 0.23809523809523808; 0.0; 5.539499667227857; 1.0; 0.0
0.634101; 4421.0; 0.5238095238095238; 0.0; 10.125305098006091; 1.0; 0.0
0.689597; 4430.0; 0.4458874458874459; 0.0; 15.163349934130029; 2.0; 0.0
0.920005; 4405.0; 0.48917748917748916; 3.235293999999996; 15.193781750271107; 1.0; 0.0
0.822322; 4631.0; 0.23809523809523808; 0.0; 5.841364196726821; 2.0; 0.0
0.60789; 4431.0; 0.4199134199134199; 2.597403; 12.373797797896353; 2.0; 2.597403
0.690087; 4421.0; 0.3852813852813853; 0.0; 6.460537728489918; 2.0; 0.0
0.583333; 4447.0; 0.43722943722943725; 0.0; 13.353548480080004; 2.0; 0.0
0.389423; 4447.0; 0.5238095238095238; 6.0; 15.952713848847141; 1.0; 4.666666000000006
0.988936; 4415.0; 0.42857142857142855; 0.493826999999996; 17.011276463027958; 1.0; 0.0
0.595238; 4714.0; 0.11688311688311688; 0.0; 14.259865712800464; 2.0; 0.0
0.565655; 4417.0; 0.14285714285714285; 11.764705999999997; 6.426363852926041; 2.0; 1.7647059999999968
0.577803; 4394.0; 0.922077922077922; 2.4242419999999925; 2.5979444674162444; 2.0; 0.0
0.514007; 4783.0; 0.7316017316017316; 0.0; 5.97471001350653; 2.0; 0.0
0.845729; 4382.0; 0.4025974025974026; 0.6711410000000058; 16.69368985208147; 1.0; 0.0
0.513855; 4439.0; 0.31601731601731603; 8.421053; 5.265005290282619; 2.0; 2.1052629999999937
0.798669; 4424.0; 0.2813852813852814; 0.0; 6.480194698290487; 2.0; 0.0
0.574101; 4556.0; 0.8528138528138528; 0.0; 1.8731502096047479; 2.0; 0.0
0.84093; 4446.0; 0.7662337662337663; 0.0; 5.037974315262429; 1.0; 0.0
0.602122; 4526.0; 0.41125541125541126; 2.222222000000002; 12.734750778752518; 1.0; 0.0
0.708333; 4436.0; 0.5670995670995671; 0.0; 4.876885973259425; 2.0; 0.0
0.85524; 4511.0; 0.696969696969697; 0.7142860000000013; 6.578161523014997; 1.0; 0.7142860000000013
0.845316; 4394.0; 0.47186147186147187; 1.8181820000000073; 16.83551099867245; 2.0; 0.0
0.840015; 4676.0; 0.7489177489177489; 0.0; 5.05633506577176; 1.0; 0.0
0.657186; 4408.0; 0.012987012987012988; 9.230768999999995; 14.786704166963473; 1.0; 6.1538460000000015
0.599383; 4424.0; 0.6883116883116883; 7.222222000000002; 4.8622008065117175; 1.0; 0.0
0.916083; 4401.0; 0.42857142857142855; 0.3389829999999989; 12.310743904611806; 1.0; 0.3389829999999989
0.992857; 4419.0; 0.5584415584415584; 0.8695649999999944; 11.153261512939356; 1.0; 0.0
0.878263; 4426.0; 0.7662337662337663; 0.8791209999999978; 5.792183436062944; 1.0; 0.0
0.606864; 4396.0; 0.23809523809523808; 3.333332999999996; 11.853735912926188; 1.0; 0.0
0.648034; 4407.0; 0.670995670995671; 3.214285000000004; 4.401122365155345; 1.0; 0.7142850000000038
0.622257; 4445.0; 0.19480519480519481; 14.666667000000004; 10.45760845566413; 1.0; 2.666667000000004
0.724919; 4425.0; 0.8874458874458875; 1.87919500000001; 2.0596786870344714; 1.0; 0.0
0.850323; 4694.0; 0.645021645021645; 6.801347000000007; 4.668887141246703; 1.0; 0.0
0.818986; 4442.0; 0.645021645021645; 2.5; 5.61924244681179; 1.0; 0.0
0.924339; 4406.0; 0.670995670995671; 0.44444500000000176; 2.112727289573298; 1.0; 0.0
0.941406; 4422.0; 0.6363636363636364; 1.1111119999999914; 12.777003396103428; 1.0; 1.1111119999999914
0.563493; 4432.0; 0.6796536796536796; 0.0; 6.698468302974608; 1.0; 0.0
0.889481; 4425.0; 0.670995670995671; 0.9836059999999947; 18.287376104908727; 1.0; 0.6557379999999995
0.9629; 4411.0; 0.41125541125541126; 0.0; 5.005946026232038; 1.0; 0.0
0.416992; 4443.0; 0.41125541125541126; 2.5; 7.7969681218982645; 1.0; 1.666667000000004
0.710473; 4420.0; 0.3939393939393939; 0.8695659999999918; 6.520307591415697; 1.0; 0.0
0.863214; 4454.0; 0.8008658008658008; 3.4013610000000085; 2.4888017123179633; 1.0; 0.0
0.555886; 4421.0; -0.14285714285714285; 10.612244999999994; 4.862320604999634; 1.0; 5.578230999999995
0.866581; 4620.0; 0.5064935064935064; 2.758620999999991; 6.757230650165757; 1.0; 2.758620999999991
0.727841; 4440.0; 0.8268398268398268; 0.2013419999999968; 2.7623933927558326; 1.0; 0.2013419999999968
0.563248; 4431.0; 0.10822510822510822; 2.8571430000000007; 13.517891049640573; 1.0; 2.8571430000000007
0.818841; 4391.0; 0.41125541125541126; 0.0; 10.631104968711941; 1.0; 0.0
0.955231; 4443.0; 0.7748917748917749; 0.6622519999999952; 13.05528581802065; 1.0; 0.6622519999999952
0.66129; 4384.0; 0.3593073593073593; 7.5; 9.69903729338504; 2.0; 2.5
0.95388; 4411.0; 0.7229437229437229; 0.0; 2.7863057616676667; 2.0; 0.0
0.725387; 4937.0; 0.5151515151515151; 0.12820500000000834; 8.437250152088676; 2.0; 0.12820500000000834
0.999585; 4570.0; 0.6796536796536796; 0.0; 8.889755755626124; 1.0; 0.0
0.933673; 4429.0; 0.7056277056277056; 1.1764699999999948; 9.788970361878993; 1.0; 1.1764699999999948
0.742424; 4458.0; 0.696969696969697; 3.75; 6.968323044019469; 1.0; 1.25
0.490741; 4893.0; 0.18614718614718614; 0.0; 7.677384932863107; 1.0; 0.0
0.571717; 5210.0; 0.6103896103896104; 5.925926000000004; 6.045779700047053; 2.0; 0.0
0.934498; 4488.0; 0.6190476190476191; 2.512077000000005; 7.146989370365402; 1.0; 1.545894000000004
0.728; 4545.0; 0.5844155844155844; 3.888889000000006; 6.618136256883457; 2.0; 0.0
0.740667; 10065.0; 0.47186147186147187; 0.1515150000000034; 9.583654257783454; 8.0; 0.1515150000000034
0.762685; 7842.0; 0.5238095238095238; 0.0; 19.095019870280314; 5.0; 0.0
0.865477; 5530.0; 0.4805194805194805; 2.714285000000004; 4.685573871541668; 2.0; 1.4285710000000051
0.570627; 5306.0; 0.8614718614718615; 0.9523809999999884; 2.961075487520577; 2.0; 0.0
0.836323; 5205.0; 0.670995670995671; 2.1428579999999897; 3.8103163891491256; 1.0; 0.5714289999999949
0.582828; 4536.0; 0.1774891774891775; 11.851851999999994; 8.981155708379665; 1.0; 2.962963000000002
0.550481; 5568.0; 0.8181818181818182; 2.222222000000002; 2.508244054803038; 2.0; 0.2777770000000004
0.893024; 5174.0; 0.5844155844155844; 0.0; 6.8139923456091624; 1.0; 0.0
0.906385; 5003.0; 0.4805194805194805; 1.9459460000000064; 13.449662314594827; 2.0; 1.2972970000000004
0.684028; 5152.0; 0.6103896103896104; 2.0; 4.363248009893002; 2.0; 0.6666670000000039
0.652266; 4690.0; 0.7748917748917749; 0.0; 5.442606712154569; 2.0; 0.0
0.34125; 5153.0; 0.4458874458874459; 4.0; 14.579585671123947; 1.0; 0.0
0.52274; 5862.0; 0.0735930735930736; 2.9591840000000005; 7.712147846375902; 2.0; 2.9591840000000005
0.786188; 5106.0; 0.645021645021645; 2.2727270000000033; 6.349545002298854; 2.0; 0.45454600000000767
0.620971; 5088.0; 0.5930735930735931; 0.0; 5.867155689526716; 2.0; 0.0
0.739737; 4995.0; 0.42857142857142855; 8.192771; 7.857501524476365; 1.0; 1.4457830000000058
0.752; 4942.0; 0.5930735930735931; 3.0555559999999957; 7.713560631620026; 2.0; 3.0555559999999957
0.799147; 5129.0; 0.5757575757575758; 0.0; 2.3752387726158086; 2.0; 0.0
0.798148; 5249.0; 0.1341991341991342; 3.333332999999996; 17.70516961966787; 2.0; 3.333332999999996
0.848664; 4772.0; 0.670995670995671; 0.0; 11.617213359712245; 1.0; 0.0
0.0625; 4986.0; 0.22077922077922077; 36.666666000000006; 20.968617290379456; 1.0; 3.333333000000003
0.591583; 5010.0; 0.8787878787878788; 0.0; 2.6019934027792644; 2.0; 0.0
0.65; 5392.0; 0.670995670995671; 0.9649119999999982; 8.27761884141116; 1.0; 0.9649119999999982
0.585714; 5606.0; 0.2554112554112554; 15.384616000000001; 12.363156412424031; 1.0; 3.0769229999999936
0.95252; 4942.0; 0.49783549783549785; 3.0303030000000035; 10.5521616914739; 1.0; 0.0
0.575; 4639.0; 0.341991341991342; 0.0; 7.262423283686346; 2.0; 0.0
0.742857; 4468.0; 0.2813852813852814; 3.5; 8.32163627013617; 1.0; 2.5
0.895257; 4468.0; 0.3246753246753247; 2.0; 8.216353617058976; 1.0; 2.0
0.752193; 4442.0; 0.670995670995671; 1.363636999999997; 3.7863661566216855; 1.0; 0.0
0.578526; 4766.0; 0.26406926406926406; 9.999999999999993; 7.321007651558484; 1.0; 5.0
0.71923; 4462.0; 0.37662337662337664; 0.0; 11.74510266560379; 2.0; 0.0
0.656363; 4417.0; 0.6536796536796536; 0.0; 6.05637207728313; 2.0; 0.0
0.890457; 4433.0; 0.37662337662337664; 1.4285719999999884; 6.755192272370255; 1.0; 1.4285719999999884
0.469457; 4551.0; 0.08225108225108226; 14.0; 6.871558383034374; 1.0; 6.0
0.845621; 4767.0; 0.7489177489177489; 0.0; 5.547933572390512; 1.0; 0.0
0.609179; 4873.0; 0.7748917748917749; 0.0; 5.270296521250359; 1.0; 0.0
0.557975; 4438.0; 0.8008658008658008; 0.0; 2.8225888178721608; 1.0; 0.0
0.507664; 4406.0; 0.5151515151515151; 1.6326529999999977; 4.726433636262351; 1.0; 1.5306119999999979
0.895198; 4729.0; 0.6623376623376623; 0.0; 10.986620919692664; 1.0; 0.0
0.560714; 4547.0; 0.8787878787878788; 1.677852999999999; 2.4529726412160096; 1.0; 0.0
0.509586; 4394.0; 0.4458874458874459; 3.6363640000000004; 9.132464670329897; 2.0; 2.5
0.837012; 4514.0; 0.5844155844155844; 0.0; 6.171705974293461; 2.0; 0.0
0.808327; 4396.0; 0.35064935064935066; 1.0526310000000052; 13.674515633255673; 2.0; 0.0
0.635703; 4408.0; 0.4805194805194805; 3.3962259999999986; 5.407288416708409; 2.0; 0.37735800000000097
0.569444; 4394.0; 0.45454545454545453; 8.888889000000006; 4.680357767949929; 2.0; 0.0
0.548151; 4405.0; 0.8008658008658008; 0.5442180000000008; 2.920084753983075; 2.0; 0.0
0.557971; 4536.0; 0.9393939393939394; 0.0; 1.475975663280925; 2.0; 0.0
0.681818; 4402.0; 0.5497835497835498; 1.4814810000000023; 8.502879554366295; 2.0; 0.0
0.583071; 4616.0; 0.5670995670995671; 0.8130090000000081; 4.8971583085255554; 2.0; 0.3252039999999994
0.93947; 4440.0; 0.3852813852813853; 2.894736999999992; 11.417595534333836; 1.0; 2.1052629999999937
0.618627; 4464.0; 0.26406926406926406; 8.888889000000006; 9.394233146353397; 1.0; 8.888889000000006
0.866775; 4394.0; 0.8701298701298701; 0.0; 2.598069587706806; 2.0; 0.0
0.862922; 4419.0; 0.645021645021645; 0.29197100000000376; 13.058672385585249; 2.0; 0.29197100000000376
0.71131; 4417.0; 0.05627705627705628; 10.76923099999999; 9.902105079063906; 2.0; 0.0
0.627826; 4454.0; 0.05627705627705628; 7.272726999999989; 15.394930885533936; 1.0; 3.636363999999986
0.96698; 4966.0; 0.5324675324675324; 1.5555559999999957; 12.726421902130909; 1.0; 0.0
0.875663; 4783.0; 0.341991341991342; 0.597014999999999; 16.067207439247778; 2.0; 0.597014999999999
0.69251; 4431.0; 0.9134199134199135; 0.0; 2.672705347882972; 2.0; 0.0
0.819598; 4450.0; 0.3939393939393939; 1.4864859999999993; 4.002822303029481; 2.0; 1.2162160000000029
0.648703; 4452.0; 0.4805194805194805; 4.0; 4.641879827424425; 2.0; 3.4117650000000026
0.474356; 4611.0; 0.08225108225108226; 4.717949000000004; 5.682429591664543; 1.0; 2.1538460000000015
0.726263; 4584.0; 0.5844155844155844; 5.185186000000002; 6.743848557589799; 2.0; 0.0
0.765153; 4461.0; 0.48917748917748916; 3.05555600000001; 6.109992725838784; 1.0; 0.0
0.877206; 4512.0; 0.3333333333333333; 1.2068969999999979; 5.907514658053627; 1.0; 1.2068969999999979
0.557975; 5563.0; 0.7402597402597403; 0.27777799999999786; 4.3064239925846; 2.0; 0.27777799999999786
0.905644; 4468.0; 0.15151515151515152; 3.333334000000008; 8.379977892898104; 1.0; 3.333334000000008
0.45614; 5317.0; 0.16017316017316016; 5.714286000000001; 11.902981055947237; 1.0; 0.0
0.536934; 4641.0; 0.922077922077922; 0.47138100000000804; 1.6231943889345513; 1.0; 0.06734000000000151
0.638693; 4640.0; 0.8441558441558441; 1.9047620000000052; 1.92285766969954; 1.0; 0.0
0.832131; 4561.0; 0.45454545454545453; 0.4310339999999968; 8.747090564201045; 1.0; 0.3448269999999951
0.916946; 4668.0; 0.4805194805194805; 0.0; 8.923626370390098; 1.0; 0.0
0.953592; 4669.0; 0.7056277056277056; 0.0; 9.368564018491302; 1.0; 0.0
0.5625; 4541.0; 0.42857142857142855; 13.333332999999996; 11.403512638760981; 1.0; 0.0
0.451355; 4559.0; 0.3246753246753247; 7.951808; 4.077801451967992; 1.0; 0.9638559999999998
0.713763; 4475.0; 0.7142857142857143; 0.0; 3.427917504577313; 1.0; 0.0
0.542857; 4525.0; 0.12554112554112554; 4.444445000000002; 13.520899443253853; 1.0; 4.444445000000002
0.636897; 4880.0; 0.5497835497835498; 3.1649830000000065; 4.745228442591361; 2.0; 0.0
0.59904; 4632.0; 0.37662337662337664; 2.222222000000002; 7.287334145105045; 1.0; 0.0
0.529032; 4428.0; 0.3852813852813853; 1.3333330000000103; 5.6244185583904045; 1.0; 0.4444440000000043
0.808258; 4424.0; 0.5064935064935064; 0.0; 2.935461030046177; 1.0; 0.0
0.534351; 4437.0; 0.23809523809523808; 3.9189190000000025; 3.4709185828776206; 1.0; 3.2432440000000042
0.920802; 4425.0; 0.3593073593073593; 0.0; 8.412253868458729; 1.0; 0.0
0.738128; 4458.0; 0.8701298701298701; 0.0; 2.2962377804394585; 1.0; 0.0
0.818681; 4466.0; 0.23809523809523808; 0.0; 15.590379740021639; 1.0; 0.0
0.776897; 4466.0; 0.7922077922077922; 0.0; 3.4146924062380335; 1.0; 0.0
0.948987; 4490.0; 0.48917748917748916; 1.0526320000000027; 7.43573049756914; 1.0; 1.0526320000000027
0.887623; 4512.0; -0.030303030303030304; 1.0810809999999975; 14.230057354415818; 1.0; 0.0
0.7; 4504.0; 0.5411255411255411; 5.599999999999994; 4.3161209092888635; 1.0; 0.0
0.603175; 4473.0; 0.4805194805194805; 4.347825999999998; 8.142294434448294; 1.0; 0.0
0.676467; 4519.0; 0.7489177489177489; 0.0; 6.310320444537197; 1.0; 0.0
0.446128; 4833.0; 0.37662337662337664; 2.666665999999992; 6.367218617031865; 3.0; 2.666665999999992
0.646697; 5990.0; 0.09956709956709957; 0.0; 19.98071144526457; 2.0; 0.0
0.546305; 6919.0; 0.7922077922077922; 1.0774410000000074; 3.4163065246555546; 1.0; 0.0
0.852; 5538.0; 0.2554112554112554; 0.5555549999999982; 7.211661159650997; 1.0; 0.5555549999999982
0.572464; 4921.0; 0.2727272727272727; 0.0; 5.72162020595671; 1.0; 0.0
0.685429; 4590.0; 0.7402597402597403; 0.0; 4.3372906763853205; 3.0; 0.0
0.810034; 5352.0; 0.8701298701298701; 0.0; 2.812636122929997; 3.0; 0.0
0.777335; 5083.0; 0.5670995670995671; 0.26845600000000047; 3.2702885048007087; 2.0; 0.26845600000000047
0.450574; 4532.0; 0.7056277056277056; 6.944444000000004; 4.337101632611399; 2.0; 0.0
0.781609; 4433.0; 0.45454545454545453; 0.0; 13.122723135226442; 2.0; 0.0
0.825861; 4414.0; 0.3852813852813853; 4.44444399999999; 7.048228013286072; 2.0; 1.481480999999988
0.508929; 4777.0; 0.2987012987012987; 20.740740000000002; 9.039064434333344; 2.0; 15.555554999999998
0.557231; 4663.0; 0.8614718614718615; 3.333332999999996; 2.4899041563295166; 2.0; 0.0
0.616218; 4625.0; 0.6796536796536796; 0.0; 7.507266015230568; 2.0; 0.0
0.538534; 4451.0; 0.8787878787878788; 0.5442180000000008; 3.770217253124608; 2.0; 0.0
0.943662; 4750.0; 0.6623376623376623; 0.4878049999999945; 9.740903850499315; 1.0; 0.24390299999998888
0.814794; 4891.0; 0.6190476190476191; 0.0; 13.117106539920746; 1.0; 0.0
0.783965; 4445.0; 0.5064935064935064; 0.0; 4.9970208434066805; 2.0; 0.0
0.985693; 5173.0; 0.5411255411255411; 1.666667000000004; 12.297155974706659; 1.0; 0.0
0.561761; 4954.0; 0.2987012987012987; 0.0; 6.9472583130586925; 1.0; 0.0
0.488579; 4695.0; 0.47186147186147187; 5.333334000000008; 7.163228284130767; 1.0; 0.0
0.611968; 4912.0; 0.7748917748917749; 0.13605499999999893; 5.32068922998678; 2.0; 0.0
0.63; 4532.0; 0.24675324675324675; 5.714286000000001; 9.35759194997096; 2.0; 5.714286000000001
0.455592; 5072.0; 0.5757575757575758; 0.6896550000000019; 8.776068013578925; 1.0; 0.6896550000000019
0.680312; 4791.0; 0.7142857142857143; 0.0; 2.6001970290650465; 2.0; 0.0
0.879808; 4462.0; 0.5930735930735931; 0.0; 9.932916135995471; 2.0; 0.0
0.690909; 5071.0; 0.004329004329004329; 1.0526310000000052; 13.172700337255751; 1.0; 1.0526310000000052
0.939394; 5381.0; 0.29004329004329005; 0.0; 8.702592951414625; 1.0; 0.0
0.798889; 5722.0; 0.35064935064935066; 0.3125; 12.366484682591667; 3.0; 0.3125
0.578084; 5736.0; 0.8181818181818182; 0.27026999999999646; 2.9287001482766035; 2.0; 0.0
0.582418; 4982.0; 0.5324675324675324; 7.692307999999997; 5.63573956951459; 2.0; 6.153845999999987
0.728438; 5235.0; 0.5844155844155844; 0.8333329999999961; 6.249138833084469; 2.0; 0.8333329999999961
0.483237; 4840.0; 0.21212121212121213; 0.17094000000000165; 8.739511574532; 1.0; 0.17094000000000165
0.581754; 4528.0; 0.29004329004329005; 9.756097999999994; 7.319556430763472; 2.0; 8.780487999999998
0.620239; 4664.0; 0.8787878787878788; 0.4040409999999923; 3.2869488355210668; 2.0; 0.0
0.634914; 4417.0; 0.5930735930735931; 1.0738259999999968; 4.3928710350006295; 1.0; 0.0
0.609568; 4452.0; 0.2727272727272727; 6.666667000000004; 9.945629164495147; 1.0; 2.2222229999999996
0.480376; 4710.0; 0.10822510822510822; 6.1538460000000015; 5.636901281601415; 1.0; 2.222222000000002
0.529276; 4419.0; -0.19480519480519481; 5.470085999999995; 9.51447644883995; 1.0; 2.3931630000000013
0.508413; 4421.0; 0.06493506493506493; 1.538460999999998; 9.343335612124868; 1.0; 0.0
0.552737; 4434.0; 0.2813852813852814; 1.7094019999999972; 4.743632035751133; 2.0; 0.0
0.669822; 4676.0; 0.8528138528138528; 1.4814810000000023; 2.5016922409920017; 4.0; 1.4814810000000023
0.797078; 4792.0; 0.7056277056277056; 0.0; 3.297273793477885; 1.0; 0.0
0.879413; 4973.0; 0.7402597402597403; 0.8754199999999912; 5.868626696839312; 1.0; 0.0
0.740681; 7006.0; 0.8701298701298701; 0.0; 2.313482203078004; 1.0; 0.0
0.535281; 4953.0; 0.3246753246753247; 4.615383999999999; 4.429223180543287; 1.0; 1.538460999999998
0.728896; 4827.0; 0.3939393939393939; 4.444444000000004; 7.0328122280053; 1.0; 4.444444000000004
0.569621; 4508.0; 0.8008658008658008; 0.0; 4.265259566686573; 1.0; 0.0
0.532367; 5848.0; 0.6277056277056277; 3.888889000000006; 4.822720849383596; 5.0; 3.888889000000006
0.947368; 4686.0; 0.35064935064935066; 2.222222000000002; 17.17822525562453; 1.0; 0.0
0.560107; 5147.0; 0.8095238095238095; 0.0; 3.4986245418542405; 1.0; 0.0
0.977629; 4481.0; 0.6103896103896104; 0.0; 9.284329775247233; 1.0; 0.0
0.559113; 4877.0; 0.6103896103896104; 11.851851999999994; 8.079469431526835; 1.0; 0.0
0.870414; 4453.0; 0.49783549783549785; 8.888889000000006; 5.537616014186614; 1.0; 0.0
0.929884; 4440.0; 0.35064935064935066; 4.0425539999999955; 6.9102952961991555; 2.0; 0.6382979999999918
0.614046; 4466.0; 0.5497835497835498; 2.8571429999999935; 5.469754980266177; 2.0; 2.8571429999999935
0.692941; 4663.0; 0.4458874458874459; 4.0; 8.578131640435698; 2.0; 4.0
0.93619; 4483.0; 0.645021645021645; 7.272727000000003; 9.795525250834617; 2.0; 1.8181809999999956
0.6; 4586.0; 0.43722943722943725; 4.444445000000002; 8.14676922607458; 1.0; 2.222222000000002
0.513087; 4475.0; 0.021645021645021644; 3.7755110000000016; 9.720777001096886; 1.0; 1.9387760000000043
0.472403; 4477.0; 0.35064935064935066; 14.074073999999996; 10.983975045433697; 1.0; 2.962963000000002
0.555857; 4563.0; 0.7748917748917749; 2.777777999999998; 3.2320993928131747; 2.0; 1.3888889999999918
0.706494; 4770.0; 0.7662337662337663; 0.0; 3.1616633939837424; 2.0; 0.0
0.640093; 4498.0; 0.7922077922077922; 0.0; 2.9201505428822223; 2.0; 0.0
0.526921; 5153.0; 0.7316017316017316; 2.176869999999994; 2.9317241800248985; 2.0; 2.176869999999994
0.781465; 4722.0; 0.49783549783549785; 22.222222000000002; 13.0267276368622; 1.0; 0.0
0.987179; 4469.0; 0.4025974025974026; 1.2121209999999962; 11.739747835537402; 1.0; 0.9090910000000036
0.5434; 4488.0; 0.48917748917748916; NaN; 13.904575455913484; 1.0; NaN
0.708754; 4598.0; 0.5930735930735931; 0.0; 4.565961313844701; 2.0; 0.0
0.520833; 4791.0; 0.12554112554112554; 13.333333000000003; 11.521703681323315; 1.0; 13.333333000000003
0.726926; 4686.0; 0.6017316017316018; 0.0; 4.223368757675911; 2.0; 0.0
0.676373; 4551.0; 0.41125541125541126; 3.8888880000000086; 6.039415607283052; 2.0; 2.222222000000002
0.675; 4461.0; 0.21212121212121213; 0.0; 8.472177278338824; 1.0; 0.0
0.497674; 4751.0; -0.2813852813852814; 12.173913000000006; 12.194579583838324; 1.0; 8.695652000000003
0.751324; 4593.0; 0.21212121212121213; 0.0; 7.982932614089786; 2.0; 0.0
0.585947; 4747.0; 0.3246753246753247; 1.939393999999993; 10.631043282530333; 1.0; 0.12121199999999988
0.834552; 4649.0; 0.14285714285714285; 0.0; 9.451990788735634; 1.0; 0.0
1.0; 4500.0; 0.030303030303030304; 0.0; 13.218528756666538; 1.0; 0.0
0.746775; 4666.0; 0.5584415584415584; 0.0; 9.465670431614656; 1.0; 0.0
0.576535; 4465.0; 0.004329004329004329; 7.142858000000004; 6.823633613637699; 1.0; 7.142858000000004
0.539624; 4907.0; 0.012987012987012988; 4.137930999999995; 10.081775527058655; 1.0; 0.0
0.561488; 4713.0; 0.5238095238095238; 0.49586700000000405; 7.014052138770828; 2.0; 0.49586700000000405
0.492488; 4478.0; 0.5670995670995671; 0.0; 3.6226669232526265; 1.0; 0.0
0.492261; 4543.0; 0.3333333333333333; 0.0; 11.018235177892931; 1.0; 0.0
0.776897; 5712.0; 0.8095238095238095; 0.0; 4.901128176760531; 2.0; 0.0
0.729167; 4695.0; 0.45454545454545453; 12.5; 13.251764631088804; 5.0; 2.5
1.0; 4687.0; 0.3939393939393939; 0.0; 12.327358686021814; 1.0; 0.0
0.844203; 4610.0; 0.5151515151515151; 1.3445370000000025; 6.007274073720128; 1.0; 0.0
0.730527; 4686.0; 0.1341991341991342; 6.226415000000003; 7.981992156473422; 6.0; 3.7735839999999996
1.0; 5674.0; -0.11688311688311688; 0.0; 16.894758337362852; 1.0; 0.0
0.99302; 4580.0; 0.5064935064935064; 0.3199999999999932; 19.43132236284299; 1.0; 0.1599999999999966
0.613284; 4539.0; 0.22943722943722944; 0.0; 6.55055493138945; 2.0; 0.0
0.7009; 4784.0; 0.4199134199134199; 10.0; 9.106914100999722; 1.0; 10.0
0.957746; 4489.0; 0.5238095238095238; 1.9607850000000013; 10.857299967982739; 1.0; 0.0
0.74655; 4628.0; 0.6190476190476191; 4.864864999999995; 9.876794657225963; 1.0; 0.0
0.878975; 4532.0; 0.5844155844155844; 0.0; 8.387931343487029; 1.0; 0.0
0.777031; 4486.0; 0.7316017316017316; 0.22727300000001094; 11.268698656059202; 1.0; 0.0
0.503462; 4491.0; 0.2727272727272727; 0.0; 8.920251295751738; 1.0; 0.0
0.574405; 4493.0; 0.30735930735930733; 1.538460999999998; 6.726734508182178; 1.0; 1.538460999999998
0.491287; 4610.0; 0.3333333333333333; 10.943396999999997; 6.068483291826969; 2.0; 2.4528310000000033
1.0; 4462.0; 0.47186147186147187; 0.0; 9.94673062659477; 1.0; 0.0
0.54878; 4576.0; 0.47186147186147187; 11.764706000000004; 9.896378146359222; 2.0; 0.0
0.880038; 5076.0; 0.6017316017316018; 4.194756999999996; 7.928625028458203; 2.0; 0.07490699999999606
0.650455; 4623.0; 0.4458874458874459; 1.926604999999995; 5.431464216153604; 2.0; 1.651375999999999
0.79793; 4491.0; 0.3939393939393939; 2.307692000000003; 12.997510856320616; 1.0; 0.0
0.916482; 4629.0; 0.6883116883116883; 0.0; 11.844093617066825; 1.0; 0.0
0.750572; 4982.0; 0.5151515151515151; 0.0; 12.212849444349132; 2.0; 0.0
0.965118; 4796.0; 0.21212121212121213; 8.75675600000001; 19.14235159794326; 2.0; 0.0
0.451389; 4472.0; 0.21212121212121213; 18.571427999999997; 5.978687791629549; 1.0; 17.142857
0.961279; 4485.0; 0.4805194805194805; 0.30769300000000044; 6.926412921992506; 1.0; 0.30769300000000044
0.580952; 4634.0; 0.16883116883116883; 0.9523810000000026; 9.13316336437914; 1.0; 0.0
0.787792; 4508.0; 0.4805194805194805; 1.2121210000000104; 8.229805709251782; 2.0; 0.40404000000000906
1.0; 4504.0; 0.5238095238095238; 0.0; 12.923970883651211; 1.0; 0.0
0.730168; 4463.0; 0.6623376623376623; 0.0; 10.719550765371144; 2.0; 0.0
0.814446; 4588.0; 0.3939393939393939; 2.8571430000000078; 4.967292806208429; 2.0; 2.8571430000000078
0.77399; 4588.0; 0.49783549783549785; 6.206897000000012; 7.663943924036495; 1.0; 3.448276000000007
0.617743; 4489.0; 0.16883116883116883; 4.363636; 5.074115918764012; 2.0; 1.6363639999999933
0.675789; 4466.0; 0.3246753246753247; 13.75; 11.728442042859418; 1.0; 0.0
0.98079; 4505.0; 0.3939393939393939; 0.18691599999999653; 7.2987441573151495; 1.0; 0.18691599999999653
0.951303; 4931.0; 0.43722943722943725; 0.0; 9.536787278043994; 1.0; 0.0
0.608522; 4559.0; 0.14285714285714285; 9.090908999999996; 8.304601812709858; 1.0; 7.636363000000003
0.542205; 4649.0; 0.021645021645021644; 0.0; 12.411631232604746; 1.0; 0.0
0.46323; 4505.0; 0.18614718614718614; 0.0; 5.941505107227018; 1.0; 0.0
0.633333; 4561.0; 0.3333333333333333; 0.0; 9.906908276567401; 2.0; 0.0
0.966667; 4449.0; 0.6796536796536796; 0.6101689999999991; 7.820601457749906; 1.0; 0.474575999999999
0.961635; 4448.0; 0.49783549783549785; 1.4851479999999952; 8.211300025607805; 1.0; 0.4950489999999945